cave_lava,cave_sandstoneWatery ,cave_sandstoneMossy ,cave_sandstone ,cave_rockLava ,cave_rockBloodPuddle ,cave_rockBloody ,cave_rockWaterPuddle ,cave_rockWatery ,cave_rockMossy ,cave_rockHole ,cave_rockBoulder,cave_rockDark ,cave_rockLight ,cave_rock ,cave_rockMossy 
cave_rockMossy ,cave_rockMossy ,cave_rockMossy ,cave_rockMossy ,cave_rockMossy ,cave_rockMossy ,cave_rockMossy ,cave_rockMossy ,cave_rockMossy ,cave_rockMossy ,cave_rockMossy ,cave_rockMossy ,cave_rockMossy ,cave_rockMossy ,cave_rockMossy ,cave_rockMossy 
cave_rockMossy ,cave_rockMossy ,cave_rockMossy ,cave_rockMossy ,cave_rockMossy ,cave_rockMossy ,cave_rockMossy ,cave_rockMossy ,cave_rockMossy ,cave_rockMossy ,cave_rockMossy ,cave_rockMossy ,cave_rockMossy ,cave_rockMossy ,cave_rockMossy ,cave_rockMossy 
cave_rockMossy ,cave_rockMossy ,cave_rockMossy ,cave_rockMossy ,cave_rockMossy ,cave_rockMossy ,cave_rockMossy ,cave_rockMossy ,cave_rockMossy ,cave_rockMossy ,cave_rockMossy ,cave_rockMossy ,cave_rockMossy ,cave_rockMossy ,cave_rockMossy ,cave_rockMossy 
cave_rockMossy ,cave_rockMossy ,cave_rockMossy ,cave_rockMossy ,cave_rockMossy ,cave_rockMossy ,cave_rockMossy ,cave_rockMossy ,cave_rockMossy ,cave_rockMossy ,cave_rockMossy ,cave_rockMossy ,cave_rockMossy ,cave_rockMossy ,cave_rockMossy ,cave_rockMossy 
cave_rockMossy ,cave_rockMossy ,cave_rockMossy ,cave_rockMossy ,cave_rockMossy ,cave_rockMossy ,cave_rockMossy ,cave_rockMossy ,cave_rockMossy ,cave_rockMossy ,cave_rockMossy ,cave_rockMossy ,cave_rockMossy ,cave_rockMossy ,cave_rockMossy ,cave_rockMossy 
cave_rockMossy ,cave_rockMossy ,cave_rockMossy ,cave_rockMossy ,cave_rockMossy ,cave_rockMossy ,cave_rockMossy ,cave_rockMossy ,cave_rockMossy ,cave_rockMossy ,cave_rockMossy ,cave_rockMossy ,cave_rockMossy ,cave_rockMossy ,cave_rockMossy ,cave_rockMossy 
cave_rockMossy ,cave_rockMossy ,cave_rockMossy ,cave_rockMossy ,cave_rockMossy ,cave_rockMossy ,cave_rockMossy ,cave_rockMossy ,cave_rockMossy ,cave_rockMossy ,cave_rockMossy ,cave_rockMossy ,cave_rockMossy ,cave_rockMossy ,cave_rockMossy ,cave_rockMossy 
cave_rockMossy ,cave_rockMossy ,cave_rockMossy ,cave_rockMossy ,cave_rockMossy ,cave_rockMossy ,cave_rockMossy ,cave_rockMossy ,cave_rockMossy ,cave_rockMossy ,cave_rockMossy ,cave_rockMossy ,cave_rockMossy ,cave_rockMossy ,cave_rockMossy ,cave_rockMossy 
cave_rockMossy ,cave_rockMossy ,cave_rockMossy ,cave_rockMossy ,cave_rockMossy ,cave_rockMossy ,cave_rockMossy ,cave_rockMossy ,cave_rockMossy ,cave_rockMossy ,cave_rockMossy ,cave_rockMossy ,cave_rockMossy ,cave_rockMossy ,cave_rockMossy ,cave_rockMossy 
cave_rockMossy ,cave_rockMossy ,cave_rockMossy ,cave_rockMossy ,cave_rockMossy ,cave_rockMossy ,cave_rockMossy ,cave_rockMossy ,cave_rockMossy ,cave_rockMossy ,cave_rockMossy ,cave_rockMossy ,cave_rockMossy ,cave_rockMossy ,cave_rockMossy ,cave_rockMossy 
