bearTrap,bearTrap,bearTrap,bearTrap,bearTrap,bearTrap,bearTrap,bearTrap,bearTrap,bearTrap,bearTrap,bearTrap,bearTrap,bearTrap,bearTrap,bearTrap
bearTrap,bearTrap,bearTrap,bearTrap,bearTrap,bearTrap,bearTrap,bearTrap,bearTrap,bearTrap,bearTrap,bearTrap,bearTrap,bearTrap,bearTrap,bearTrap
bearTrap,bearTrap,bearTrap,bearTrap,bearTrap,bearTrap,bearTrap,bearTrap,bearTrap,bearTrap,bearTrap,bearTrap,bearTrap,bearTrap,bearTrap,bearTrap
bearTrap,bearTrap,bearTrap,bearTrap,bearTrap,bearTrap,bearTrap,bearTrap,bearTrap,bearTrap,bearTrap,bearTrap,bearTrap,bearTrap,bearTrap,bearTrap
bearTrap,bearTrap,bearTrap,bearTrap,bearTrap,bearTrap,bearTrap,bearTrap,bearTrap,bearTrap,bearTrap,bearTrap,bearTrap,bearTrap,bearTrap,bearTrap
bearTrap,bearTrap,bearTrap,bearTrap,bearTrap,bearTrap,bearTrap,bearTrap,bearTrap,bearTrap,bearTrap,bearTrap,bearTrap,bearTrap,bearTrap,bearTrap
bearTrap,bearTrap,bearTrap,bearTrap,bearTrap,bearTrap,bearTrap,bearTrap,bearTrap,bearTrap,bearTrap,bearTrap,bearTrap,bearTrap,bearTrap,bearTrap
bearTrap,bearTrap,bearTrap,bearTrap,bearTrap,bearTrap,bearTrap,bearTrap,bearTrap,bearTrap,bearTrap,bearTrap,bearTrap,bearTrap,bearTrap,bearTrap
bearTrap,bearTrap,bearTrap,bearTrap,bearTrap,bearTrap,bearTrap,bearTrap,bearTrap,bearTrap,bearTrap,bearTrap,bearTrap,bearTrap,bearTrap,bearTrap
bearTrap,bearTrap,bearTrap,bearTrap,bearTrap,bearTrap,bearTrap,bearTrap,bearTrap,bearTrap,bearTrap,bearTrap,bearTrap,bearTrap,bearTrap,bearTrap
bearTrap,bearTrap,bearTrap,bearTrap,bearTrap,bearTrap,bearTrap,bearTrap,bearTrap,bearTrap,bearTrap,bearTrap,bearTrap,bearTrap,bearTrap,bearTrap
