cave_sandstone ,cave_sandstone ,cave_sandstone ,cave_sandstone ,cave_sandstone ,cave_sandstone ,cave_sandstone ,cave_sandstone ,cave_sandstone ,cave_sandstone ,cave_sandstone ,cave_sandstone ,cave_sandstone ,cave_sandstone ,cave_sandstone ,cave_sandstone 
cave_sandstone ,cave_sandstone ,cave_sandstone ,cave_sandstone ,cave_sandstone ,cave_sandstone ,cave_sandstone ,cave_sandstone ,cave_sandstone ,cave_sandstone ,cave_sandstone ,cave_sandstone ,cave_sandstone ,cave_sandstone ,cave_sandstone ,cave_sandstone 
cave_sandstone ,cave_sandstone ,cave_sandstone ,cave_sandstone ,cave_sandstone ,cave_sandstone ,cave_sandstone ,cave_sandstone ,cave_sandstone ,cave_sandstone ,cave_sandstone ,cave_sandstone ,cave_sandstone ,cave_sandstone ,cave_sandstone ,cave_sandstone 
cave_sandstone ,cave_sandstone ,cave_sandstone ,cave_sandstone ,cave_sandstone ,cave_sandstone ,cave_sandstone ,cave_sandstone ,cave_sandstone ,cave_sandstone ,cave_sandstone ,cave_sandstone ,cave_sandstone ,cave_sandstone ,cave_sandstone ,cave_sandstone 
cave_sandstone ,cave_sandstone ,cave_sandstone ,cave_sandstone ,cave_sandstone ,cave_sandstone ,cave_sandstone ,cave_sandstone ,cave_sandstone ,cave_sandstone ,cave_sandstone ,cave_sandstone ,cave_sandstone ,cave_sandstone ,cave_sandstone ,cave_sandstone 
cave_sandstone ,cave_sandstone ,cave_sandstone ,cave_sandstone ,cave_sandstone ,cave_sandstone ,cave_sandstone ,cave_sandstone ,cave_sandstone ,cave_sandstone ,cave_sandstone ,cave_sandstone ,cave_sandstone ,cave_sandstone ,cave_sandstone ,cave_sandstone 
cave_sandstone ,cave_sandstone ,cave_sandstone ,cave_sandstone ,cave_sandstone ,cave_sandstone ,cave_sandstone ,cave_sandstone ,cave_sandstone ,cave_sandstone ,cave_sandstone ,cave_sandstone ,cave_sandstone ,cave_sandstone ,cave_sandstone ,cave_sandstone 
cave_sandstone ,cave_sandstone ,cave_sandstone ,cave_sandstone ,cave_sandstone ,cave_sandstone ,cave_sandstone ,cave_sandstone ,cave_sandstone ,cave_sandstone ,cave_sandstone ,cave_sandstone ,cave_sandstone ,cave_sandstone ,cave_sandstone ,cave_sandstone 
cave_sandstone ,cave_sandstone ,cave_sandstone ,cave_sandstone ,cave_sandstone ,cave_sandstone ,cave_sandstone ,cave_sandstone ,cave_sandstone ,cave_sandstone ,cave_sandstone ,cave_sandstone ,cave_sandstone ,cave_sandstone ,cave_sandstone ,cave_sandstone 
cave_sandstone ,cave_sandstone ,cave_sandstone ,cave_sandstone ,cave_sandstone ,cave_sandstone ,cave_sandstone ,cave_sandstone ,cave_sandstone ,cave_sandstone ,cave_sandstone ,cave_sandstone ,cave_sandstone ,cave_sandstone ,cave_sandstone ,cave_sandstone 
cave_sandstone ,cave_sandstone ,cave_sandstone ,cave_sandstone ,cave_sandstone ,cave_sandstone ,cave_sandstone ,cave_sandstone ,cave_sandstone ,cave_sandstone ,cave_sandstone ,cave_sandstone ,cave_sandstone ,cave_sandstone ,cave_sandstone ,cave_sandstone 
